{"cameraMode":{"drawMode":0,"name":"Shaded","section":"Shading Mode"},"sceneLighting":true,"audioPlay":false,"sceneViewState":{"showFog":true,"showMaterialUpdate":false,"showSkybox":true,"showFlares":true,"showImageEffects":true,"showParticleSystems":true},"in2DMode":false,"pivot":{"x":0.5223846435546875,"y":1.4264307022094727,"z":0.7733116149902344},"rotation":{"x":0.14363253116607667,"y":-0.7259719371795654,"z":0.15959802269935609,"w":0.6533496379852295},"size":80.02074432373047,"orthographic":true}