{"cameraMode":{"drawMode":0,"name":"Shaded","section":"Shading Mode"},"sceneLighting":true,"audioPlay":false,"sceneViewState":{"showFog":true,"showMaterialUpdate":false,"showSkybox":true,"showFlares":true,"showImageEffects":true,"showParticleSystems":true},"in2DMode":false,"pivot":{"x":0.5322408676147461,"y":20.24609375,"z":7.4514617919921879},"rotation":{"x":0.043723754584789279,"y":0.9326533675193787,"z":-0.12098409235477448,"w":0.33706241846084597},"size":15.715574264526368,"orthographic":true}