{"cameraMode":{"drawMode":0,"name":"Shaded","section":"Shading Mode"},"sceneLighting":true,"audioPlay":false,"sceneViewState":{"showFog":true,"showMaterialUpdate":false,"showSkybox":true,"showFlares":true,"showImageEffects":true,"showParticleSystems":true},"in2DMode":false,"pivot":{"x":0.4001931846141815,"y":1.2730506658554078,"z":3.6245744228363039},"rotation":{"x":0.284294068813324,"y":0.10328911244869232,"z":-0.030836885794997217,"w":0.9526923894882202},"size":3.193981885910034,"orthographic":true}